chrom,chromStart,chromEnd,name,refUCSC,observed,class,func
chr9,21968219,21968220,rs863224604,C,G/T,single,"near-gene-3,untranslated-3"
chr9,21968220,21968221,rs763795863,T,A/C/T,single,"near-gene-3,untranslated-3"
chr9,21968236,21968237,rs1060501271,G,C/G,single,"near-gene-3,missense,untranslated-3"
chr9,21968240,21968241,rs778871932,G,A/G,single,"coding-synon,near-gene-3,untranslated-3"
chr9,21968241,21968242,rs1060501272,T,A/T,single,"near-gene-3,missense,untranslated-3"
chr9,21968245,21968246,rs876660514,C,C/G,single,"intron,near-gene-3"
chr9,21968346,21968347,rs1060501266,T,A/G,single,"intron,ncRNA,untranslated-3"
chr9,21968732,21968733,rs181044510,G,A/G,single,"intron,ncRNA,missense,untranslated-3"
chr9,21968733,21968734,rs527814073,C,C/G,single,"intron,ncRNA,missense,untranslated-3"
chr9,21968782,21968783,rs1057517579,T,A/G,single,"intron,ncRNA,untranslated-3"
chr9,21969972,21969973,rs869312793,G,C/T,single,"intron,untranslated-3"
chr9,21970890,21970891,rs1057521424,T,A/G,single,intron
chr9,21970901,21970902,rs45476696,C,A/G/T,single,"ncRNA,nonsense,missense,untranslated-3"
chr9,21970906,21970907,rs1060501275,G,C/T,single,"ncRNA,missense,untranslated-3"
chr9,21970915,21970916,rs876659307,G,C/T,single,"ncRNA,missense,untranslated-3"
chr9,21970917,21970918,rs1057524065,G,A/C/T,single,"coding-synon,ncRNA,untranslated-3"
chr9,21970918,21970919,rs1060501267,G,C/T,single,"ncRNA,missense,untranslated-3"
chr9,21970924,21970925,rs730881680,A,C/T,single,"ncRNA,missense,untranslated-3"
chr9,21970927,21970928,rs1060501274,C,A/G/T,single,"ncRNA,missense,untranslated-3"
chr9,21970928,21970929,rs116150891,G,A/G,single,"ncRNA,missense,untranslated-3"
chr9,21970929,21970930,rs1060504183,G,A/C,single,"coding-synon,ncRNA,untranslated-3"
chr9,21970932,21970933,rs879254063,A,G/T,single,"ncRNA,missense,untranslated-3"
chr9,21970933,21970934,rs759922342,T,C/T,single,"ncRNA,missense,untranslated-3"
chr9,21970943,21970944,rs587781733,C,A/C/G,single,"ncRNA,missense,untranslated-3"
chr9,21970956,21970957,rs878853649,C,G/T,single,"coding-synon,ncRNA,untranslated-3"
chr9,21970962,21970963,rs745702441,C,A/C/G,single,"coding-synon,ncRNA,untranslated-3"
chr9,21970970,21970971,rs1060501261,G,A/C/T,single,"coding-synon,ncRNA,missense,untranslated-3"
chr9,21970974,21970975,rs199901898,C,C/T,single,"coding-synon,ncRNA,untranslated-3"
chr9,21970981,21970982,rs104894098,A,A/T,single,"ncRNA,missense,untranslated-3"
chr9,21970985,21970986,rs146179135,C,A/C/G/T,single,"ncRNA,missense,untranslated-3"
chr9,21970989,21970990,rs6413463,A,A/C/T,single,"coding-synon,ncRNA,missense,untranslated-3"
chr9,21970993,21970994,rs373291490,C,A/C/T,single,"ncRNA,missense,untranslated-3"
chr9,21970994,21970995,rs113798404,C,C/G/T,single,"ncRNA,missense,untranslated-3"
chr9,21971000,21971001,rs1060501263,C,-/G,deletion,"ncRNA,frameshift,untranslated-3"
chr9,21971005,21971006,rs1060501270,G,C/G/T,single,"coding-synon,ncRNA,missense,untranslated-3"
chr9,21971007,21971008,rs1060504182,C,A/G,single,"coding-synon,ncRNA,missense,untranslated-3"
chr9,21971014,21971015,rs750655995,A,A/C/T,single,"coding-synon,ncRNA,missense,untranslated-3"
chr9,21971015,21971016,rs779913365,C,A/C/T,single,"ncRNA,missense,untranslated-3"
chr9,21971015,21971015,rs876660449,-,-/CCCG,insertion,"ncRNA,frameshift,untranslated-3"
chr9,21971016,21971017,rs878853648,G,C/G/T,single,"coding-synon,ncRNA,missense,untranslated-3"
chr9,21971017,21971018,rs121913386,G,A/C/T,single,"coding-synon,ncRNA,missense,untranslated-3"
chr9,21971018,21971019,rs104894104,G,A/C/T,single,"ncRNA,missense,untranslated-3"
chr9,21971018,21971020,rs387906410,GC,CT/GC,mnp,"ncRNA,missense,untranslated-3"
chr9,21971019,21971020,rs575031539,C,C/G/T,single,"coding-synon,ncRNA,missense,untranslated-3"
chr9,21971021,21971021,rs768966657,-,-/GAC,insertion,"ncRNA,cds-indel,untranslated-3"
chr9,21971023,21971024,rs587782797,C,A/G/T,single,"coding-synon,ncRNA,missense,untranslated-3"
chr9,21971024,21971025,rs876660436,G,A/C/G,single,"ncRNA,missense,untranslated-3"
chr9,21971027,21971028,rs778971134,C,C/G/T,single,"ncRNA,missense,untranslated-3"
chr9,21971028,21971029,rs121913389,C,A/G,single,"ncRNA,nonsense,missense,untranslated-3"
chr9,21971029,21971030,rs1057519852,C,A/G,single,"coding-synon,ncRNA,nonsense,untranslated-3"
chr9,21971031,21971032,rs1060504187,G,C/G,single,"coding-synon,ncRNA,missense,untranslated-3"
chr9,21971032,21971033,rs1064794838,G,A/C,single,"ncRNA,nonsense,missense,untranslated-3"
chr9,21971033,21971034,rs372481694,C,C/G,single,"ncRNA,missense,untranslated-3"
chr9,21971036,21971037,rs121913381,C,A/G/T,single,"ncRNA,missense,untranslated-3"
chr9,21971038,21971039,rs370823171,C,C/T,single,"coding-synon,ncRNA,missense,untranslated-3"
chr9,21971040,21971041,rs199888003,C,C/T,single,"coding-synon,ncRNA,missense,untranslated-3"
chr9,21971050,21971051,rs143282362,C,C/G/T,single,"coding-synon,ncRNA,missense,untranslated-3"
chr9,21971050,21971052,rs886041162,CG,-/CG,deletion,"ncRNA,frameshift,untranslated-3"
chr9,21971052,21971053,rs1064794863,C,G/T,single,"coding-synon,ncRNA,missense,untranslated-3"
chr9,21971053,21971054,rs137854598,G,A/C/T,single,"coding-synon,ncRNA,missense,untranslated-3"
chr9,21971057,21971058,rs104894094,C,A/C/G/T,single,"ncRNA,missense,untranslated-3"
chr9,21971058,21971059,rs876660818,G,C/T,single,"coding-synon,ncRNA,missense,untranslated-3"
chr9,21971060,21971061,rs200863613,C,A/C,single,"ncRNA,missense,untranslated-3"
chr9,21971061,21971062,rs587778191,C,A/C/G/T,single,"coding-synon,ncRNA,missense,untranslated-3"
chr9,21971063,21971064,rs34886500,G,C/G/T,single,"ncRNA,missense,untranslated-3"
chr9,21971066,21971067,rs1064793953,G,C/T,single,"ncRNA,missense,untranslated-3"
chr9,21971076,21971077,rs1064793589,C,A/G,single,"coding-synon,ncRNA,missense,untranslated-3"
chr9,21971080,21971081,rs876659723,G,C/G,single,"ncRNA,missense,untranslated-3"
chr9,21971085,21971086,rs4987127,C,A/G,single,"coding-synon,ncRNA,missense,untranslated-3"
chr9,21971092,21971093,rs137854599,C,A/G,single,"coding-synon,ncRNA,missense,untranslated-3"
chr9,21971093,21971094,rs137854597,C,A/G,single,"ncRNA,missense,untranslated-3"
chr9,21971096,21971097,rs121913384,C,G/T,single,"ncRNA,nonsense,missense,untranslated-3"
chr9,21971097,21971098,rs546300971,C,C/T,single,"coding-synon,ncRNA,missense,untranslated-3"
chr9,21971098,21971099,rs878853647,C,A/C/G,single,"coding-synon,ncRNA,missense,untranslated-3"
chr9,21971104,21971106,rs1064796336,GC,GC/TT,mnp,"ncRNA,missense,untranslated-3"
chr9,21971105,21971119,rs730881675,CGTCGTGCACGGGT,-/ACCCGTGCACGACG,deletion,"ncRNA,frameshift,untranslated-3"
chr9,21971105,21971106,rs878853646,C,A/G/T,single,"ncRNA,missense,untranslated-3"
chr9,21971107,21971108,rs587782792,T,A/C,single,"coding-synon,ncRNA,missense,untranslated-3"
chr9,21971108,21971109,rs11552822,C,A/G/T,single,"ncRNA,missense,untranslated-3"
chr9,21971109,21971110,rs34968276,G,A/C/G,single,"coding-synon,ncRNA,missense,untranslated-3"
chr9,21971110,21971111,rs1057519881,T,A/G,single,"coding-synon,ncRNA,missense,untranslated-3"
chr9,21971111,21971112,rs121913385,G,C/G/T,single,"ncRNA,missense,untranslated-3"
chr9,21971112,21971113,rs1060504181,C,A/C/G,single,"coding-synon,ncRNA,missense,untranslated-3"
chr9,21971114,21971133,rs587776716,CGGGTCGGGTGAGAGTGGC,-/CGGGTCGGGTGAGAGTGGC,deletion,"ncRNA,frameshift,untranslated-3"
chr9,21971114,21971115,rs1060501269,C,A/G/T,single,"ncRNA,missense,untranslated-3"
chr9,21971115,21971134,rs730881674,GGGTCGGGTGAGAGTGGCG,-/CGCCACTCTCACCCGACCC,deletion,"ncRNA,frameshift,untranslated-3"
chr9,21971115,21971116,rs1060504185,G,C/G/T,single,"coding-synon,ncRNA,missense,untranslated-3"
chr9,21971119,21971120,rs1057519883,C,A/C/G,single,"coding-synon,ncRNA,missense,untranslated-3"
chr9,21971120,21971121,rs121913388,G,C/G/T,single,"ncRNA,nonsense,missense,untranslated-3"
chr9,21971127,21971128,rs1064793313,A,C/T,single,"coding-synon,ncRNA,missense,untranslated-3"
chr9,21971138,21971138,rs1064795977,-,-/GA,insertion,"ncRNA,frameshift,untranslated-3"
chr9,21971139,21971140,rs730881679,G,A/C/G/T,single,"coding-synon,ncRNA,untranslated-3"
chr9,21971146,21971147,rs876658220,T,-/A,deletion,"ncRNA,frameshift,untranslated-3"
chr9,21971146,21971184,rs876658511,TTGGGCTCCGCGCCGTGGAGCAGCAGCAGCTCCGCCAC,lengthTooLong,in-del,"ncRNA,frameshift,untranslated-3"
chr9,21971148,21971149,rs864622570,G,C/T,single,"coding-synon,ncRNA,nonsense,untranslated-3"
chr9,21971149,21971150,rs786202575,G,C/G,single,"coding-synon,ncRNA,missense,untranslated-3"
chr9,21971152,21971153,rs372670098,T,C/T,single,"coding-synon,ncRNA,missense,untranslated-3"
chr9,21971153,21971154,rs121913383,C,G/T,single,"ncRNA,nonsense,missense,untranslated-3"
chr9,21971155,21971157,rs876658534,GC,GC/TT,mnp,"ncRNA,missense,untranslated-3"
chr9,21971155,21971156,rs1060501260,G,C/G/T,single,"coding-synon,ncRNA,missense,untranslated-3"
chr9,21971158,21971159,rs863224605,C,A/G,single,"coding-synon,ncRNA,missense,untranslated-3"
chr9,21971159,21971160,rs758389471,C,C/G/T,single,"ncRNA,missense,untranslated-3"
chr9,21971161,21971162,rs756750256,T,C/G/T,single,"coding-synon,ncRNA,missense,untranslated-3"
chr9,21971166,21971167,rs876659128,C,G/T,single,"coding-synon,ncRNA,missense,untranslated-3"
chr9,21971172,21971173,rs730881678,C,A/C/G,single,"coding-synon,ncRNA,missense,untranslated-3"
chr9,21971175,21971176,rs878853645,C,C/G,single,"ncRNA,missense,untranslated-3"
chr9,21971177,21971178,rs121913382,C,A/G/T,single,"ncRNA,missense,untranslated-3"
chr9,21971179,21971180,rs36204594,G,A/C,single,"coding-synon,ncRNA,missense,untranslated-3"
chr9,21971182,21971183,rs104894099,A,G/T,single,"ncRNA,missense,untranslated-3"
chr9,21971184,21971185,rs201208890,T,G/T,single,"coding-synon,ncRNA,missense,untranslated-3"
chr9,21971186,21971187,rs121913387,G,C/G/T,single,"ncRNA,nonsense,missense,untranslated-3"
chr9,21971187,21971188,rs876658199,G,C/T,single,"coding-synon,ncRNA,missense,untranslated-3"
chr9,21971188,21971189,rs372266620,G,A/C/G/T,single,"coding-synon,ncRNA,missense,untranslated-3"
chr9,21971190,21971191,rs771138120,G,A/G/T,single,"coding-synon,ncRNA,missense,untranslated-3"
chr9,21971190,21971190,rs140844717,-,-/C,insertion,"ncRNA,frameshift,untranslated-3"
chr9,21971191,21971192,rs104894109,C,G/T,single,"ncRNA,missense,untranslated-3"
chr9,21971199,21971200,rs104894095,C,A/C/G,single,"ncRNA,missense,untranslated-3"
chr9,21971208,21971209,rs730881677,C,C/G/T,single,splice-3
chr9,21971211,21971212,rs529380972,C,C/G,single,intron
chr9,21971220,21971226,rs1064794613,ACAGAA,CTCTGC/TTCTGT,mnp,intron
chr9,21973573,21973574,rs756102261,G,A/G/T,single,intron
chr9,21974484,21974485,rs1057517587,C,A/G,single,"intron,missense"
chr9,21974554,21974555,rs267602199,C,C/T,single,"coding-synon,intron"
chr9,21974572,21974574,rs1057517608,CT,-/AG,deletion,"intron,frameshift"
chr9,21974601,21974602,rs386833399,A,-/T,deletion,"intron,frameshift"
chr9,21974637,21974638,rs1057517604,G,C/T,single,"intron,nonsense"
chr9,21974657,21974658,rs550846229,G,A/C/G,single,"intron,missense"
chr9,21974665,21974666,rs1057520264,C,A/G,single,"coding-synon,intron"
chr9,21974675,21974676,rs1060501265,A,C/T,single,"intron,missense,splice-5"
chr9,21974676,21974677,rs878853644,C,-/G,deletion,"intron,frameshift,splice-5"
chr9,21974677,21974678,rs1057519882,C,G/T,single,"intron,ncRNA,missense"
chr9,21974678,21974679,rs587778189,T,A/C/G/T,single,"intron,ncRNA,missense"
chr9,21974679,21974680,rs864622636,G,C/T,single,"intron,ncRNA,nonsense"
chr9,21974680,21974681,rs200738474,G,G/T,single,"coding-synon,intron,ncRNA"
chr9,21974681,21974682,rs199907548,A,A/C/G,single,"intron,ncRNA,missense"
chr9,21974683,21974684,rs876659638,C,A/G,single,"coding-synon,intron,ncRNA"
chr9,21974685,21974686,rs786204195,G,A/C/T,single,"intron,ncRNA,missense"
chr9,21974695,21974696,rs1131691187,G,-/C,deletion,"intron,ncRNA,frameshift"
chr9,21974696,21974696,rs730881673,-,-/A/AA,insertion,"intron,ncRNA,frameshift"
chr9,21974702,21974703,rs1060501264,T,A/G,single,"intron,ncRNA,missense"
chr9,21974705,21974706,rs373407950,G,G/T,single,"intron,ncRNA,missense"
chr9,21974710,21974711,rs864622439,G,A/C,single,"intron,ncRNA,missense"
chr9,21974721,21974721,rs398123152,-,-/G,insertion,"intron,ncRNA,frameshift"
chr9,21974723,21974724,rs746834149,C,A/C/G/T,single,"intron,ncRNA,missense"
chr9,21974732,21974733,rs878853650,A,C/T,single,"intron,ncRNA,missense"
chr9,21974738,21974739,rs879254078,G,A/C/T,single,"intron,ncRNA,missense"
chr9,21974744,21974745,rs775176191,A,A/C,single,"intron,ncRNA,missense"
chr9,21974745,21974746,rs876658895,C,G/T,single,"intron,ncRNA,missense"
chr9,21974746,21974747,rs1060504184,C,A/C/G,single,"intron,ncRNA,missense"
chr9,21974756,21974757,rs104894097,C,A/C/G,single,"intron,ncRNA,missense"
chr9,21974759,21974760,rs1064794292,C,A/G,single,"intron,ncRNA,missense"
chr9,21974760,21974761,rs1131691186,C,A/G/T,single,"intron,ncRNA,missense"
chr9,21974766,21974767,rs1064793082,C,A/G/T,single,"intron,ncRNA,missense"
chr9,21974768,21974769,rs864622484,G,C/G,single,"intron,ncRNA,missense"
chr9,21974770,21974771,rs1060504186,G,C/T,single,"coding-synon,intron,ncRNA"
chr9,21974777,21974781,rs587782206,GCCA,-/TGGC,deletion,"intron,ncRNA,frameshift"
chr9,21974780,21974781,rs864622263,A,G/T,single,"intron,ncRNA,missense"
chr9,21974781,21974781,rs730881672,-,-/GGC,insertion,"intron,ncRNA,cds-indel"
chr9,21974782,21974783,rs138677674,C,A/C/T,single,"intron,ncRNA,nonsense"
chr9,21974782,21974782,rs1131691188,-,-/G,insertion,"intron,ncRNA,frameshift"
chr9,21974783,21974784,rs876658556,C,A/G,single,"intron,ncRNA,nonsense"
chr9,21974788,21974789,rs786201931,A,G/T,single,"coding-synon,intron,ncRNA"
chr9,21974789,21974790,rs745612549,G,A/G/T,single,"intron,ncRNA,missense"
chr9,21974792,21974793,rs141798398,G,A/G/T,single,"intron,ncRNA,nonsense,missense"
chr9,21974795,21974795,rs587780668,-,-/GGCGGCGGGGAGCAGCATGGAGCC,insertion,"intron,ncRNA,cds-indel"
chr9,21974801,21974802,rs145445140,A,A/C/T,single,"intron,ncRNA,missense"
chr9,21974810,21974811,rs864622656,C,G/T,single,"intron,ncRNA,missense"
chr9,21974811,21974812,rs587778190,C,A/G,single,"intron,ncRNA,missense"
chr9,21974811,21974817,rs1064793970,CCGCCG,-/CGGCGG,deletion,"intron,ncRNA,cds-indel"
chr9,21974818,21974819,rs1057523441,C,A/G,single,"coding-synon,intron,ncRNA"
chr9,21974823,21974824,rs1060501273,C,C/G,single,"intron,ncRNA,missense"
chr9,21974828,21974829,rs191394143,C,C/T,single,"intron,near-gene-5,ncRNA,untranslated-5"
chr9,21974851,21974852,rs144481587,G,A/G,single,"intron,near-gene-5,ncRNA,untranslated-5"
chr9,21974857,21974858,rs730881676,C,A/C/G,single,"intron,near-gene-5,ncRNA,untranslated-5"
chr9,21974860,21974861,rs1800586,C,A/C/G/T,single,"intron,near-gene-5,ncRNA,untranslated-5"
chr9,21974875,21974876,rs1064793081,G,A/C/G/T,single,"intron,near-gene-5,ncRNA,untranslated-5"
chr9,21994133,21994134,rs587782083,C,A/G,single,"intron,near-gene-5"
chr9,21994137,21994138,rs1060501262,C,A/G,single,"intron,near-gene-5,splice-5"
chr9,21994147,21994148,rs386833400,T,A/G,single,"intron,near-gene-5,missense"
chr9,21994154,21994155,rs878853643,C,A/G,single,"coding-synon,intron,near-gene-5"
chr9,21994195,21994196,rs786203467,C,A/G,single,"intron,near-gene-5,missense"
chr9,21994210,21994211,rs1064793582,C,A/G,single,"intron,near-gene-5,missense"
chr9,21994216,21994217,rs1064795551,C,A/G,single,"intron,near-gene-5,missense"
chr9,21994237,21994238,rs879254043,C,A/G,single,"intron,near-gene-5,missense"
chr9,21994239,21994240,rs528789830,G,A/C/G,single,"intron,near-gene-5,missense"
chr9,21994241,21994242,rs786201711,G,C/T,single,"coding-synon,intron,near-gene-5"
chr9,21994252,21994253,rs1057517575,T,A/C,single,"intron,near-gene-5,missense"
chr9,21994256,21994257,rs1057522328,A,C/T,single,"coding-synon,intron,near-gene-5"
chr9,21994262,21994263,rs374360796,G,A/G/T,single,"coding-synon,intron,near-gene-5,missense"
chr9,21994269,21994270,rs1057517601,C,A/G,single,"intron,near-gene-5,missense"
chr9,21994283,21994284,rs786202556,G,C/T,single,"coding-synon,intron,near-gene-5"
chr9,21994301,21994302,rs876658436,C,G/T,single,"coding-synon,intron,near-gene-5"
chr9,21994305,21994306,rs876659353,A,A/C/T,single,"intron,near-gene-5,missense"
chr9,21994336,21994337,rs1057521467,C,A/G,single,"intron,near-gene-5,untranslated-5"
chr9,21994355,21994356,rs1064795989,C,G/T,single,"intron,near-gene-5,untranslated-5"
chr9,21994358,21994359,rs149253558,G,C/G/T,single,"intron,near-gene-5,untranslated-5"
chr9,21994363,21994364,rs1057517639,C,A/G,single,"intron,near-gene-5,untranslated-5"
chr9,21994369,21994370,rs1064793537,C,A/G/T,single,"intron,near-gene-5,untranslated-5"
