chrom,pos,ref,alt
chr3,179173448,G,A
chr3,179173459,G,A
chr3,179173468,A,G
chr3,179173476,G,A
chr3,179173864,T,C
chr3,179173872,CCCT,"GCCC,GCCT"
chr3,179173900,G,T
chr3,179187353,C,T
chr3,179187365,G,A
chr3,179187381,CAAAAAAATTAG,CAAAAAATTAG
chr3,179187394,TGGGCG,"CGGGCA,CAGGCA"
chr3,179187401,G,A
chr3,179187418,G,A
chr3,179187431,A,G
chr3,179187452,TGCT,GGCG
chr3,179187466,A,G
chr3,179187727,T,C
chr3,179187738,AGCT,AGCA
chr3,179187757,TCGCCCGAGT,CCTCCTGAGT
chr3,179187775,C,T
chr3,179187792,C,T
chr3,179187794,TGCCTG,CGCCCA
chr3,179187804,ATTTTTTGTATTTTTAG,ATTTTTTTGTATTTTTAG
chr3,179187827,T,C
chr3,179187828,G,A
chr3,179187837,C,T
chr3,179187839,A,G
chr3,179187872,T,C
chr3,179187900,A,G
chr3,179188939,C,A
chr3,179189057,CAAAAAAGT,CAAAAAGT
chr3,179199217,A,G
chr3,179199300,CAT,CATTAT
chr3,179199974,CTTTTTTTTTTTTTCCAG,CTTTTTTTTTTTTCCAG
chr3,179200240,T,C
chr3,179201609,ATTTTTTTTTTTTTTTTGAGAC,ATTTTTTTTTTTTTTTGAGAC
chr3,179203160,TCG,TGCG
chr3,179203370,G,A
chr3,179203465,GTA,GTAAATA
chr3,179203851,C,A
chr3,179204434,G,T
chr3,179204486,C,A
chr3,179204642,A,G
chr3,179204894,A,G
chr3,179209323,C,A
chr3,179209361,T,C
chr3,179209557,T,C
chr3,179210060,ATTTTTTTTTTTTAGATATTC,ATTTTTTTTTTTAGATATTC
chr3,179217712,T,G
chr3,179217770,A,G
chr3,179218011,T,C
chr3,179218439,T,G
chr3,179218835,T,C
chr3,179219756,A,G
chr3,179219842,TAAAAAAAAAAATTATTAC,"TAAAAAAAAAATTATTAC,TAAAAAAAAAAAATTATTAC"
chr3,179220089,A,G
chr3,179220607,T,G
chr3,179220705,T,A
chr3,179220766,A,T
chr3,179220959,A,T
chr3,179221463,A,T
chr3,179221472,C,T
chr3,179221546,T,C
chr3,179221615,C,T
chr3,179223667,A,G
chr3,179224479,CTATAT,CA
chr3,179224643,C,G
chr3,179226199,TAC,TACTTGAC
chr3,179226204,A,G
chr3,179226205,G,A
chr3,179226206,A,C
chr3,179226207,A,T
chr3,179228836,G,T
chr3,179228940,GATGTCAATT,CATCGAAATA
chr3,179230597,A,T
chr3,179230783,C,A
chr3,179230795,C,T
chr3,179230827,C,T
chr3,179234719,G,T
